id,defense_multiplier,hp,attack,attack_speed,defense,dodge_frequency
1,Low,354.9,194.0,36.8,654.0,0.02
2,Low,567.2,165.5,57.8,463.5,0.15
3,Low,308.0,113.6,66.7,699.3,0.15
4,Very Low,501.8,71.2,112.8,961.9,0.22
5,Low,250.0,151.9,86.1,434.8,0.0
6,Low,710.3,133.6,48.3,434.8,0.24
7,Very Low,625.5,163.7,84.7,978.8,0.0
8,Low,298.2,148.1,44.1,735.2,0.06
9,Low,888.7,173.0,96.7,364.2,0.08
10,Low,1000.0,77.9,65.6,667.8,0.24
11,Low,250.0,189.0,73.1,366.0,0.15
12,Low,319.9,121.9,101.5,365.3,0.0
13,Low,317.3,200.0,49.3,577.6,0.0
14,Very High,250.0,68.6,47.1,10.0,0.18
15,Very High,956.8,200.0,63.3,10.0,0.14
16,Low,547.5,121.9,95.8,336.3,0.06
17,Low,519.2,70.9,44.6,201.2,0.08
18,Low,250.0,81.0,30.0,599.3,0.25
19,Low,879.2,90.8,66.0,232.6,0.07
20,Median,250.0,135.4,86.0,81.3,0.14
21,Low,649.0,141.4,99.0,944.7,0.3
22,Low,736.0,75.6,65.7,437.3,0.0
23,Low,1000.0,108.5,66.8,525.3,0.0
24,Median,250.0,200.0,98.1,77.6,0.27
25,Low,250.0,200.0,37.6,341.7,0.05
26,Low,698.5,136.2,67.2,538.3,0.1
27,Low,1000.0,112.3,78.8,159.7,0.03
28,Low,1000.0,117.2,84.0,617.7,0.11
29,Low,708.9,146.8,64.8,324.8,0.3
30,Low,428.3,48.6,75.7,417.5,0.27
31,Low,947.8,94.6,30.0,324.5,0.28
32,Very Low,250.0,20.0,61.8,1000.0,0.0
33,Low,815.5,134.0,84.1,501.0,0.0
34,Low,827.2,148.8,55.4,187.7,0.0
35,Low,1000.0,81.0,76.2,751.8,0.03
36,Low,1000.0,200.0,83.9,138.7,0.29
37,Low,782.0,36.5,68.1,567.7,0.23
38,Very High,421.4,22.1,78.4,10.0,0.12
39,Median,614.8,123.5,55.7,106.5,0.15
40,Low,250.0,172.8,70.9,564.1,0.05
41,Low,347.1,200.0,87.2,726.5,0.18
42,Low,461.3,82.5,78.1,556.4,0.26
43,Low,415.4,174.7,63.3,470.3,0.0
44,Low,685.9,107.7,79.5,414.7,0.19
45,Median,296.0,99.6,89.3,61.4,0.29
46,Low,1000.0,163.0,34.0,289.0,0.09
47,Low,625.1,149.1,98.2,366.8,0.26
48,Low,621.3,20.0,68.3,822.1,0.3
49,Low,493.8,198.6,83.5,608.1,0.13
50,Very High,687.1,192.8,98.9,10.0,0.21
51,Low,955.0,72.5,47.6,602.2,0.04
52,Low,278.1,133.7,60.8,389.5,0.18
53,Low,361.8,139.6,69.2,301.9,0.22
54,Low,503.5,125.6,59.3,688.5,0.18
55,Low,250.0,77.0,109.7,814.3,0.0
56,Low,297.3,69.7,57.9,784.4,0.18
57,Low,434.5,108.5,63.9,253.2,0.3
58,Low,974.8,180.4,79.1,412.2,0.22
59,Low,730.0,142.6,51.0,604.4,0.29
60,Low,702.4,87.8,67.1,797.7,0.11
61,Low,965.4,156.3,81.3,361.2,0.26
62,Low,570.1,20.0,68.3,449.3,0.19
63,Low,781.2,178.9,73.1,173.1,0.01
64,Low,583.7,20.0,64.4,146.1,0.2
65,Low,731.1,88.3,44.7,748.8,0.0
66,Low,391.9,42.8,81.4,911.9,0.06
67,Low,250.0,32.3,110.1,483.4,0.18
68,Low,571.3,179.6,75.4,806.1,0.19
69,Low,1000.0,81.9,79.5,613.5,0.0
70,Low,995.5,130.8,88.9,311.5,0.3
71,Low,1000.0,107.2,49.6,613.4,0.24
72,Very Low,1000.0,138.6,109.1,966.4,0.04
73,Low,660.5,114.6,79.0,494.3,0.0
74,Very Low,703.9,33.0,107.6,974.4,0.13
75,Very High,377.9,169.8,60.3,10.0,0.08
76,Low,498.6,80.4,111.4,751.6,0.17
77,Low,871.3,20.0,90.5,531.1,0.1
78,Low,1000.0,84.3,86.1,415.3,0.0
79,Low,569.2,200.0,79.7,532.5,0.09
80,Very High,444.9,161.0,70.0,10.0,0.1
81,Low,625.2,89.1,99.0,439.1,0.25
82,Low,865.5,89.0,77.8,612.1,0.05
83,Low,250.0,90.7,35.7,948.4,0.3
84,Low,250.0,200.0,52.7,349.5,0.0
85,Low,404.8,132.9,71.3,262.5,0.3
86,Low,250.0,135.8,81.2,354.5,0.12
87,Low,421.7,171.8,73.9,779.6,0.28
88,Low,565.9,124.3,99.4,603.6,0.16
89,Low,443.7,94.5,36.0,346.1,0.3
90,Low,1000.0,98.2,77.9,659.0,0.09
91,Low,755.7,105.7,38.6,534.1,0.0
92,Low,745.2,107.8,90.2,795.6,0.3
93,Low,873.9,153.7,73.1,294.4,0.13
94,Low,250.0,113.1,83.4,406.7,0.18
95,Low,1000.0,154.0,57.7,387.4,0.3
96,Median,594.7,105.2,100.6,65.9,0.0
97,Low,893.2,114.7,95.8,593.8,0.24
98,Low,250.0,20.0,86.7,583.3,0.06
99,Low,250.0,165.0,72.4,506.5,0.13
100,Low,952.2,130.8,86.6,434.6,0.16
101,Median,775.6,169.9,60.9,80.4,0.0
102,Low,264.2,20.0,92.1,378.8,0.03
103,Low,277.1,200.0,108.0,402.2,0.3
104,Low,1000.0,101.6,96.4,264.3,0.28
105,Low,250.0,176.5,60.4,456.6,0.14
106,Low,1000.0,47.6,82.2,626.2,0.19
107,Very Low,264.8,146.8,49.1,1000.0,0.11
108,Low,880.4,46.8,86.4,557.4,0.3
109,Low,493.6,72.6,84.0,582.3,0.12
110,Low,866.3,200.0,37.6,482.7,0.18
111,Very High,407.4,98.6,51.8,10.0,0.3
112,Low,559.9,123.0,69.3,497.0,0.03
113,Low,641.4,162.2,69.0,523.1,0.3
114,Very Low,250.0,139.7,50.8,1000.0,0.0
115,Low,921.3,119.0,82.8,447.3,0.3
116,Low,419.7,131.9,80.0,595.5,0.09
117,Low,533.6,200.0,71.1,494.6,0.11
118,Low,250.0,106.5,59.9,154.4,0.0
119,Low,250.0,122.1,96.0,847.8,0.08
120,Low,548.6,173.0,108.1,730.6,0.0
121,Low,1000.0,176.3,65.3,742.3,0.06
122,Low,938.8,181.2,62.8,232.2,0.13
123,Low,617.3,148.3,84.8,925.8,0.29
124,Median,519.8,41.4,67.8,84.4,0.18
125,Low,634.0,200.0,72.2,681.1,0.2
126,Very Low,843.8,41.2,89.8,1000.0,0.0
127,Low,250.0,128.2,36.8,207.8,0.02
128,Low,1000.0,64.7,101.4,335.1,0.3
129,Low,911.2,106.2,76.5,534.9,0.04
130,Low,912.3,129.7,66.8,354.0,0.3
131,High,800.4,129.3,73.2,39.8,0.11
132,Low,632.8,135.3,74.2,525.6,0.15
133,Low,894.1,200.0,40.4,186.3,0.3
134,Low,861.7,137.2,104.9,647.1,0.3
135,Low,483.4,95.4,75.8,229.2,0.13
136,Very Low,395.6,167.8,83.9,970.0,0.09
137,Low,665.7,181.4,94.0,270.0,0.14
138,Low,1000.0,36.3,54.6,408.4,0.2
139,Low,250.0,145.8,84.5,749.1,0.28
140,Low,250.0,152.1,69.6,135.7,0.15
141,Low,690.9,92.1,91.9,573.2,0.24
142,Low,645.4,192.5,32.5,897.1,0.3
143,High,694.3,101.0,73.0,22.8,0.21
144,Low,722.6,117.5,62.9,560.4,0.2
145,Low,535.7,99.6,83.6,583.0,0.0
146,Low,1000.0,110.9,84.4,739.5,0.0
147,Low,250.0,44.2,60.8,133.9,0.21
148,Median,293.6,23.6,60.8,108.9,0.14
149,Low,583.7,200.0,72.8,661.6,0.07
150,Low,250.0,59.2,57.1,594.1,0.19
151,Low,554.7,50.5,91.8,580.1,0.14
152,Low,1000.0,20.0,67.6,608.9,0.3
153,Low,633.4,71.7,30.0,301.0,0.16
154,Low,717.3,30.6,67.5,574.7,0.04
155,Low,250.0,200.0,54.2,592.9,0.3
156,Low,378.5,170.6,42.4,290.7,0.12
157,Very Low,474.9,68.7,50.3,1000.0,0.23
158,Low,497.9,200.0,77.2,647.1,0.08
159,Low,1000.0,168.9,101.6,147.6,0.05
160,Low,848.1,90.5,81.3,702.0,0.16
161,Low,250.0,20.0,62.9,212.6,0.15
162,Low,723.6,200.0,84.1,741.1,0.22
163,Low,824.3,26.6,65.8,852.6,0.11
164,Low,1000.0,20.0,61.1,258.8,0.0
165,Low,1000.0,171.4,51.9,794.0,0.09
166,Low,250.0,200.0,40.0,628.8,0.27
167,Low,300.7,193.1,67.2,751.6,0.11
168,Very Low,250.0,143.8,78.2,1000.0,0.11
169,Low,531.4,145.7,73.1,431.4,0.3
170,Low,811.5,161.2,66.7,278.9,0.04
171,Low,1000.0,155.5,56.1,238.1,0.0
172,Low,594.6,126.9,87.2,260.3,0.13
173,Low,497.1,116.3,48.7,481.9,0.08
174,Low,685.7,106.2,90.5,607.3,0.01
175,Low,290.9,64.8,55.0,588.0,0.12
176,Low,1000.0,93.2,60.0,753.2,0.22
177,Low,250.0,20.0,45.7,508.9,0.15
178,Low,698.9,104.1,65.0,941.1,0.2
179,Low,1000.0,50.7,94.5,425.6,0.3
180,Very Low,627.7,43.8,85.3,1000.0,0.1
181,Low,549.0,120.8,94.6,692.7,0.19
182,Low,482.0,193.5,85.4,247.9,0.07
183,Low,552.8,165.1,52.9,183.7,0.02
184,Low,1000.0,20.0,68.4,649.7,0.06
185,Low,250.0,50.6,59.4,438.0,0.08
186,Low,1000.0,166.4,101.6,719.2,0.2
187,Low,250.0,51.1,51.1,647.0,0.3
188,Low,518.3,96.5,92.9,483.2,0.04
189,Low,453.3,143.0,92.9,251.0,0.09
190,Median,860.4,51.9,111.6,50.5,0.14
191,Low,250.0,116.3,66.8,371.0,0.21
192,Low,809.9,30.0,89.2,761.9,0.19
193,Low,1000.0,73.9,120.0,569.2,0.3
194,Low,250.0,129.2,62.6,131.3,0.0
195,Low,700.9,20.0,44.3,557.0,0.0
196,Low,360.2,136.4,37.4,620.6,0.08
197,Low,795.4,108.8,89.3,239.8,0.3
198,Low,632.7,143.1,37.3,551.1,0.0
199,Low,368.4,123.4,67.6,522.5,0.0
200,Low,820.1,191.8,83.7,162.1,0.24
201,Low,1000.0,117.5,78.7,612.3,0.19
202,Low,548.6,84.2,83.5,673.2,0.0
203,Low,912.9,117.3,79.4,829.9,0.0
204,Low,250.0,142.6,100.6,821.1,0.0
205,Median,250.0,112.9,56.0,91.7,0.17
206,Low,814.0,112.4,61.5,223.7,0.06
207,Low,1000.0,67.9,59.5,659.5,0.22
208,Low,767.2,70.2,91.6,659.1,0.0
209,Low,499.8,25.8,93.0,659.5,0.02
210,Very Low,624.7,200.0,84.0,1000.0,0.0
211,Low,250.0,35.4,98.7,676.3,0.11
212,Low,866.8,68.4,51.4,845.7,0.07
213,Low,977.9,66.9,108.3,791.2,0.27
214,Low,444.2,163.7,105.5,700.4,0.0
215,Low,437.0,92.3,89.7,410.4,0.16
216,Low,731.4,184.9,110.6,732.7,0.23
217,Low,450.3,69.6,41.9,273.2,0.3
218,Low,598.5,126.7,64.5,434.0,0.08
219,Low,1000.0,59.9,60.3,359.4,0.2
220,Low,526.2,200.0,89.4,529.6,0.0
221,Very Low,481.7,38.7,54.0,1000.0,0.0
222,Very High,366.0,128.6,90.1,10.0,0.28
223,Low,922.7,148.0,102.4,710.9,0.15
224,High,552.5,134.8,88.9,21.2,0.3
225,Low,365.3,98.9,80.7,363.4,0.0
226,Low,1000.0,102.2,55.2,831.7,0.23
227,Low,1000.0,112.6,58.1,524.3,0.3
228,Low,384.8,101.2,100.0,181.7,0.21
229,Low,250.0,167.8,90.6,290.4,0.19
230,Low,1000.0,200.0,74.2,708.9,0.15
231,Low,351.1,76.6,66.6,285.9,0.0
232,Low,941.3,27.8,34.5,569.9,0.3
233,Low,250.0,104.7,53.6,518.7,0.06
234,Low,982.0,200.0,113.2,309.5,0.23
235,Very Low,250.0,61.8,49.4,1000.0,0.0
236,Low,917.3,200.0,78.8,695.2,0.0
237,Very High,630.7,200.0,95.1,10.0,0.3
238,Low,250.0,76.8,49.9,560.9,0.1
239,Low,462.2,144.1,78.7,306.5,0.3
240,Low,899.5,200.0,93.8,760.7,0.14
241,Low,667.4,87.3,75.2,267.2,0.0
242,Low,858.8,97.8,120.0,470.6,0.28
243,Low,1000.0,75.1,41.6,656.5,0.06
244,Low,250.0,49.1,96.2,764.7,0.25
245,Low,1000.0,71.0,71.5,144.9,0.15
246,Low,666.7,36.6,90.4,404.6,0.0
247,Low,265.5,112.0,83.8,362.5,0.17
248,Low,250.0,63.8,60.3,309.0,0.3
249,Very Low,549.4,124.0,79.6,1000.0,0.22
250,Low,993.7,20.0,37.8,626.5,0.14
251,Low,574.0,129.9,87.1,126.7,0.3
252,Low,1000.0,160.0,81.0,780.4,0.18
253,Very Low,250.0,20.0,87.8,1000.0,0.18
254,Low,620.2,132.4,96.2,814.7,0.0
255,Median,250.0,183.7,82.4,49.2,0.19
256,Low,770.5,37.4,78.0,359.7,0.3
257,Low,979.8,200.0,57.4,885.1,0.02
258,Low,456.7,135.1,60.8,292.7,0.3
259,Low,250.0,67.7,98.7,638.1,0.14
260,Low,704.6,106.7,103.7,737.4,0.02
261,Low,799.7,143.5,70.2,226.9,0.3
262,Low,786.7,114.6,75.9,487.1,0.11
263,Very High,1000.0,142.3,56.9,10.0,0.26
264,Low,250.0,54.8,98.5,197.7,0.11
265,Low,897.1,120.2,88.3,429.2,0.14
266,Low,1000.0,25.2,113.8,130.7,0.22
267,Very Low,250.0,103.3,57.4,994.7,0.19
268,Median,752.9,55.8,67.4,76.0,0.0
269,Low,423.3,65.9,79.6,373.0,0.0
270,Low,592.4,184.2,87.9,544.2,0.29
271,Low,764.1,175.5,70.7,937.4,0.13
272,Median,430.1,146.5,57.5,74.2,0.07
273,Low,354.7,44.5,92.6,853.9,0.0
274,Low,638.7,91.0,89.4,508.1,0.0
275,Low,250.0,182.8,56.7,210.5,0.0
276,Low,250.0,118.5,102.1,643.6,0.13
277,Low,896.7,200.0,98.4,564.7,0.06
278,Low,250.0,133.6,77.7,324.9,0.01
279,Low,891.5,121.5,76.6,525.9,0.14
280,Low,810.0,91.5,86.1,389.4,0.2
281,Low,250.0,118.0,57.8,539.1,0.3
282,Low,354.0,100.9,75.6,703.6,0.0
283,Very Low,1000.0,152.5,32.0,980.8,0.3
284,Low,250.0,167.4,92.5,133.7,0.3
285,Very Low,439.2,62.8,43.8,1000.0,0.03
286,Very High,809.8,30.1,105.1,10.0,0.18
287,Low,938.4,20.0,68.4,459.5,0.08
288,Low,524.4,140.5,70.8,681.5,0.18
289,Low,386.0,43.8,62.4,589.3,0.3
290,Low,1000.0,20.0,69.2,318.2,0.24
291,Low,1000.0,133.3,103.4,442.6,0.23
292,Low,1000.0,200.0,30.0,357.1,0.09
293,Low,659.1,109.6,100.5,328.2,0.0
294,Low,301.7,160.3,81.8,759.9,0.12
295,Low,292.8,114.9,50.9,612.1,0.3
296,Low,834.0,104.1,53.5,297.1,0.0
297,Low,792.4,165.1,108.5,774.9,0.0
298,Low,1000.0,92.6,56.1,597.2,0.17
299,Low,885.2,126.0,51.9,748.9,0.0
300,Low,250.0,129.3,97.7,693.9,0.03
301,Low,1000.0,69.9,81.8,256.3,0.09
302,Low,250.0,169.5,56.2,336.9,0.0
303,Low,471.4,99.5,79.3,729.2,0.0
304,Low,725.1,64.7,54.5,688.1,0.26
305,Low,1000.0,142.2,97.0,498.7,0.0
306,Low,1000.0,56.1,96.2,540.2,0.0
307,Low,867.7,111.7,85.6,888.3,0.06
308,Low,551.7,109.5,82.2,327.5,0.26
309,Low,838.8,175.2,110.2,669.1,0.12
310,Low,980.1,138.5,75.0,444.3,0.08
311,Low,496.7,108.5,51.4,439.7,0.16
312,Low,1000.0,159.1,84.0,834.6,0.0
313,Low,717.0,193.4,116.7,752.6,0.22
314,Low,824.1,143.5,54.7,749.1,0.21
315,Low,891.4,110.6,67.8,896.6,0.09
316,Low,793.6,31.3,83.3,511.3,0.3
317,Low,960.6,46.1,73.9,709.6,0.0
318,Low,378.1,91.7,55.4,411.9,0.3
319,Low,401.7,73.4,97.4,602.2,0.17
320,Low,250.0,98.8,120.0,466.0,0.1
321,Low,800.8,113.4,78.9,534.1,0.15
322,Low,936.6,141.8,56.9,683.5,0.13
323,Low,808.1,105.8,44.0,259.5,0.3
324,Very Low,1000.0,139.2,80.2,1000.0,0.0
325,Low,622.8,113.9,97.1,203.2,0.04
326,Low,892.5,20.0,84.5,140.7,0.3
327,Low,250.0,53.6,75.0,852.4,0.06
328,Low,470.2,101.4,63.2,742.5,0.29
329,Low,903.2,37.4,53.2,692.2,0.3
330,Low,964.6,146.0,91.7,693.5,0.09
331,Low,507.4,200.0,93.3,501.3,0.25
332,Low,596.4,183.1,44.1,235.8,0.0
333,Low,250.0,97.2,106.8,527.7,0.26
334,Low,482.2,199.4,86.5,301.9,0.18
335,Low,981.2,118.9,103.0,797.5,0.22
336,Low,855.1,89.8,48.2,460.9,0.05
337,Low,825.3,73.2,47.7,257.4,0.0
338,Low,644.9,91.9,72.0,408.6,0.23
339,Low,627.8,86.7,85.1,628.9,0.0
340,Low,360.9,120.2,110.9,335.9,0.1
341,Low,904.5,119.6,89.1,258.3,0.29
342,Low,793.4,110.2,70.1,578.1,0.18
343,Low,821.8,136.2,54.5,578.5,0.3
344,Low,414.6,181.4,99.6,352.9,0.3
345,Low,250.0,167.0,55.7,363.7,0.05
346,Low,1000.0,20.9,107.6,574.6,0.15
347,Median,433.5,20.0,69.3,70.6,0.14
348,Median,279.9,166.1,106.8,82.8,0.0
349,Low,902.4,28.0,88.6,289.5,0.01
350,Low,468.2,96.5,72.3,441.0,0.07
351,Low,1000.0,39.8,64.6,598.3,0.0
352,Low,871.8,20.0,68.2,947.6,0.16
353,Low,898.4,142.5,83.6,762.3,0.11
354,Low,250.0,155.5,76.5,457.0,0.0
355,Low,1000.0,75.4,63.1,499.3,0.21
356,Low,729.5,20.0,71.7,204.2,0.26
357,Low,477.3,77.2,76.6,499.4,0.18
358,Low,682.4,133.5,32.4,418.4,0.1
359,Low,250.0,21.3,84.2,601.8,0.24
360,Low,788.5,121.0,55.4,256.8,0.25
361,Low,250.0,109.1,51.9,660.8,0.2
362,Very Low,250.0,144.8,41.3,964.8,0.03
363,Low,250.0,117.2,39.1,472.4,0.19
364,Low,1000.0,51.6,47.9,625.5,0.3
365,Low,373.3,181.8,60.8,712.0,0.06
366,Low,1000.0,100.5,114.1,384.6,0.3
367,Low,410.7,108.4,64.5,572.2,0.07
368,Low,250.0,54.0,78.6,508.8,0.15
369,Low,250.0,83.4,83.0,534.3,0.05
370,Low,1000.0,56.9,77.6,273.1,0.18
371,Low,562.6,99.6,73.5,512.4,0.0
372,Low,405.7,200.0,51.1,654.4,0.07
373,Low,689.0,27.7,104.0,940.3,0.0
374,Low,825.7,20.0,111.1,792.8,0.17
375,Very Low,1000.0,198.3,41.3,1000.0,0.3
376,Low,1000.0,97.4,54.5,274.8,0.25
377,Low,481.1,69.9,69.4,766.7,0.0
378,Low,250.0,172.4,55.7,560.0,0.3
379,Very Low,459.6,73.7,85.1,1000.0,0.19
380,Low,729.1,200.0,60.4,262.5,0.03
381,Low,250.0,150.7,118.3,253.1,0.17
382,Low,250.0,80.7,98.8,325.2,0.18
383,Very High,762.5,200.0,79.3,10.0,0.05
384,Low,605.5,73.7,95.5,347.3,0.18
385,Low,638.1,154.5,97.1,277.3,0.06
386,Low,321.6,128.0,63.7,550.1,0.09
387,Low,532.8,188.1,58.7,607.5,0.05
388,Very Low,255.3,200.0,76.6,1000.0,0.0
389,Low,981.1,111.9,92.2,790.1,0.17
390,Low,1000.0,64.8,77.8,331.9,0.24
391,Low,250.0,137.6,43.5,235.5,0.23
392,Low,253.2,69.3,58.9,652.6,0.27
393,Median,250.0,200.0,73.5,108.9,0.2
394,Very Low,365.0,118.2,73.5,1000.0,0.07
395,Low,591.6,88.1,114.5,858.8,0.28
396,Low,250.0,121.1,47.3,364.2,0.0
397,Very High,256.3,29.2,85.1,10.0,0.01
398,Low,250.0,51.7,104.8,911.2,0.01
399,Low,707.9,182.0,120.0,470.6,0.3
400,Low,652.7,70.6,66.9,876.3,0.29
401,High,336.3,47.2,84.8,26.7,0.22
402,Low,695.7,142.2,86.4,325.2,0.3
403,Low,406.3,181.1,78.9,506.6,0.02
404,Low,516.3,153.1,73.0,519.1,0.2
405,Low,1000.0,169.8,83.7,370.0,0.13
406,Low,1000.0,64.6,30.0,691.9,0.28
407,Low,250.0,24.7,88.6,184.7,0.13
408,Low,956.9,200.0,77.5,462.3,0.09
409,Low,949.6,90.6,70.6,541.1,0.23
410,Low,250.0,95.0,115.9,659.3,0.28
411,Low,952.5,189.7,61.5,718.5,0.05
412,Low,1000.0,143.4,66.9,167.6,0.14
413,High,250.0,137.4,114.8,44.8,0.0
414,Low,258.0,200.0,58.4,888.3,0.0
415,Low,1000.0,71.4,64.0,604.7,0.18
416,Low,733.6,165.7,72.1,280.5,0.24
417,Very Low,845.6,113.4,91.8,970.3,0.19
418,Low,761.2,126.1,79.2,539.7,0.0
419,Low,781.3,200.0,49.1,858.8,0.1
420,Low,250.0,140.5,64.4,525.3,0.0
421,Very Low,1000.0,142.3,62.9,1000.0,0.3
422,Very Low,1000.0,174.4,73.5,1000.0,0.0
423,Low,533.2,88.1,83.5,430.3,0.3
424,Low,607.6,59.6,83.4,796.5,0.29
425,Low,250.0,47.3,39.5,698.6,0.01
426,Low,830.7,20.0,96.3,915.6,0.0
427,Low,853.8,200.0,80.1,215.5,0.2
428,Low,600.1,43.8,102.7,710.8,0.02
429,Low,1000.0,96.7,83.9,822.5,0.17
430,Very High,491.4,93.4,97.0,10.0,0.08
431,Low,850.8,128.4,84.3,150.0,0.0
432,Very High,250.0,158.9,101.9,10.0,0.0
433,Low,615.6,161.6,85.4,424.2,0.18
434,Low,555.3,75.0,73.0,720.3,0.07
435,Low,715.1,100.0,120.0,955.7,0.07
436,Low,477.2,127.0,92.8,527.2,0.25
437,Very Low,572.4,95.1,86.5,993.6,0.3
438,Median,955.4,200.0,49.5,91.0,0.11
439,Very High,450.3,139.5,49.2,10.0,0.1
440,Low,250.0,154.1,80.9,488.3,0.23
441,Low,1000.0,149.8,77.9,620.2,0.0
442,Low,1000.0,180.4,62.7,495.2,0.18
443,Very High,250.0,120.9,77.8,10.0,0.23
444,Low,900.9,32.2,106.8,478.3,0.25
445,Median,423.8,134.0,88.9,113.7,0.0
446,Low,730.4,70.9,52.2,705.9,0.04
447,Low,742.7,78.3,72.8,615.0,0.02
448,Low,531.2,145.2,58.9,223.0,0.16
449,Low,311.5,184.3,67.2,350.8,0.22
450,Low,348.8,111.3,66.7,187.2,0.3
451,Low,258.5,128.5,65.4,486.2,0.08
452,Low,292.3,200.0,49.9,791.5,0.08
453,Low,598.1,124.4,72.4,209.3,0.3
454,Low,338.7,200.0,63.8,656.2,0.19
455,Low,897.8,143.9,30.0,345.9,0.3
456,Low,1000.0,20.0,116.1,267.1,0.19
457,Low,393.0,155.2,96.8,472.9,0.0
458,Low,720.8,132.9,67.5,194.4,0.0
459,Low,824.9,187.4,75.4,338.9,0.0
460,Low,813.8,150.4,51.6,145.6,0.25
461,Very Low,655.4,101.7,108.9,1000.0,0.3
462,Low,922.1,36.5,112.9,515.6,0.3
463,Low,817.9,97.5,78.1,295.1,0.28
464,Low,250.0,59.0,95.5,569.2,0.3
465,Low,972.7,75.2,78.5,471.3,0.06
466,Low,979.9,145.3,48.3,438.7,0.0
467,Low,319.7,200.0,66.8,689.3,0.28
468,Low,640.2,133.7,77.6,732.3,0.21
469,Low,898.3,38.2,65.9,345.8,0.17
470,Low,541.3,136.7,70.6,332.3,0.21
471,Low,1000.0,181.8,73.2,422.5,0.2
472,Very High,1000.0,73.4,73.4,10.0,0.3
473,Median,310.6,102.0,76.0,50.4,0.3
474,Low,250.0,110.9,53.8,915.1,0.23
475,Very Low,746.5,62.9,60.7,998.5,0.28
476,Low,913.6,148.9,49.3,430.3,0.23
477,Low,532.7,102.7,94.6,678.0,0.08
478,Low,1000.0,135.2,32.9,598.4,0.26
479,Very Low,250.0,56.8,98.1,1000.0,0.0
480,Low,902.2,83.8,102.7,840.9,0.3
481,Low,382.7,153.3,69.0,466.6,0.0
482,Low,1000.0,87.6,30.0,218.3,0.19
483,High,1000.0,200.0,67.8,23.1,0.02
484,Low,318.3,86.0,73.7,566.0,0.23
485,Low,405.2,123.5,54.8,278.1,0.14
486,Median,968.8,166.0,64.7,78.3,0.0
487,Low,470.1,24.9,105.6,311.0,0.21
488,Low,606.8,20.0,88.3,180.5,0.06
489,Very Low,635.2,20.0,56.5,1000.0,0.28
490,Low,250.0,185.8,43.0,769.5,0.15
491,Low,619.5,76.9,68.5,502.6,0.21
492,Low,349.1,200.0,70.7,949.0,0.01
493,Low,427.8,76.1,84.9,528.2,0.06
494,Low,1000.0,121.1,64.3,246.6,0.08
495,Very Low,250.0,200.0,85.2,961.9,0.28
496,Low,950.3,200.0,113.7,666.7,0.3
497,Low,513.4,200.0,91.3,193.8,0.03
498,Low,513.1,182.5,74.0,447.9,0.3
499,Low,941.1,171.4,71.3,242.3,0.0
500,Median,761.0,145.6,67.9,90.2,0.0
501,Low,853.2,156.7,98.6,782.9,0.01
502,Very Low,1000.0,76.9,62.5,1000.0,0.0
503,Median,492.5,60.9,75.9,85.4,0.0
504,Low,380.1,109.8,76.0,673.9,0.21
505,Low,250.0,99.8,65.0,309.8,0.12
506,Low,294.8,82.8,47.6,358.9,0.21
507,Low,1000.0,151.8,81.5,327.3,0.25
508,Low,1000.0,167.3,73.8,245.8,0.19
509,Low,250.0,115.3,85.0,519.6,0.25
510,Low,250.0,198.7,64.3,255.7,0.14
511,Low,817.7,41.5,99.4,586.1,0.0
512,Low,843.9,98.4,57.5,489.9,0.3
513,Low,844.6,67.0,109.2,433.3,0.06
514,Low,523.0,20.0,40.0,232.7,0.01
515,Low,574.8,105.0,83.7,332.0,0.12
516,Low,756.2,102.7,84.5,731.6,0.01
517,Low,659.4,200.0,59.1,655.3,0.09
518,Low,250.0,147.8,83.5,211.7,0.2
519,Low,533.1,48.5,100.6,534.8,0.2
520,Low,284.4,200.0,30.7,730.4,0.02
521,Very High,695.1,183.3,85.1,10.0,0.08
522,Low,1000.0,144.9,30.0,668.0,0.3
523,Low,772.0,96.4,55.7,306.2,0.22
524,Low,499.6,52.4,107.6,676.2,0.3
525,Low,993.7,87.7,63.4,276.0,0.3
526,Very High,818.1,175.3,51.5,10.0,0.3
527,High,793.0,200.0,71.0,16.7,0.0
528,Low,867.7,200.0,116.4,519.4,0.26
529,Low,1000.0,80.7,38.4,582.9,0.14
530,Low,250.0,42.8,54.0,233.7,0.07
531,Low,814.5,118.5,104.9,696.6,0.18
532,Very High,254.4,20.0,112.2,10.0,0.29
533,Low,847.2,129.4,72.9,485.2,0.23
534,Low,257.5,101.1,50.2,141.7,0.02
535,Low,458.1,82.0,116.9,309.4,0.26
536,Low,507.0,20.0,106.9,519.2,0.05
537,Low,1000.0,140.8,88.6,246.9,0.18
538,Low,992.4,78.0,58.8,389.6,0.1
539,Low,250.0,39.8,74.0,806.9,0.12
540,Low,647.0,20.0,71.8,331.9,0.26
541,Low,341.2,108.3,81.6,755.7,0.0
542,Low,250.0,200.0,104.0,166.1,0.3
543,Low,538.2,200.0,92.6,663.9,0.0
544,Low,501.6,82.6,53.5,937.5,0.06
545,Very High,1000.0,73.9,102.5,10.0,0.21
546,Low,798.2,138.1,81.3,265.9,0.24
547,Low,250.0,50.1,88.7,678.1,0.13
548,Low,399.1,128.1,104.3,444.1,0.14
549,Low,1000.0,156.0,52.8,616.3,0.21
550,Low,1000.0,183.6,74.3,323.8,0.12
551,Low,250.0,104.0,64.4,531.0,0.3
552,Low,250.0,97.8,43.6,458.3,0.28
553,Low,1000.0,57.3,81.9,855.3,0.28
554,Low,780.8,60.4,120.0,581.3,0.01
555,Low,277.7,96.4,38.2,606.3,0.14
556,Low,838.9,132.0,74.4,381.4,0.1
557,Low,250.0,164.8,87.8,358.7,0.0
558,Low,626.4,61.8,77.5,375.2,0.2
559,Low,756.1,199.6,72.7,623.3,0.07
560,Low,994.7,93.7,49.0,378.7,0.25
561,Low,250.0,108.7,79.7,591.9,0.0
562,Very Low,659.3,65.2,59.9,1000.0,0.3
563,Low,254.8,20.0,31.2,766.3,0.02
564,Low,727.2,163.0,98.9,407.2,0.18
565,Low,266.9,154.2,94.2,865.4,0.27
566,Low,461.8,93.1,76.0,382.6,0.06
567,Very High,250.0,114.0,79.6,10.0,0.28
568,Low,885.5,141.0,96.5,202.6,0.0
569,Very High,968.4,20.0,79.5,10.0,0.3
570,Low,531.2,78.3,93.1,399.5,0.15
571,Low,640.3,157.7,69.1,510.5,0.06
572,Very Low,250.0,34.7,101.2,1000.0,0.11
573,Low,505.1,127.6,81.4,603.1,0.27
574,Low,604.9,28.6,78.9,439.3,0.06
575,Low,1000.0,138.0,49.6,753.8,0.04
576,Very High,250.0,107.9,80.7,10.0,0.12
577,Low,1000.0,20.0,58.4,575.7,0.0
578,Low,1000.0,179.9,62.2,736.3,0.3
579,Median,737.3,65.9,58.7,61.4,0.07
580,Low,1000.0,61.4,53.7,848.1,0.27
581,Low,773.8,122.0,117.5,606.5,0.18
582,Low,780.7,178.9,101.6,380.4,0.0
583,Low,603.8,49.1,113.4,694.8,0.15
584,Very Low,1000.0,113.7,50.5,1000.0,0.27
585,Low,1000.0,135.7,76.4,559.6,0.12
586,Low,374.7,151.6,49.1,579.5,0.3
587,Low,250.0,120.6,61.1,367.2,0.3
588,Low,543.8,88.0,56.6,250.0,0.29
589,Low,305.0,60.3,99.8,754.1,0.08
590,Low,599.6,115.2,67.1,248.2,0.0
591,Low,1000.0,45.7,96.4,526.5,0.06
592,Low,442.1,20.0,87.1,361.7,0.18
593,Low,607.9,136.2,120.0,648.7,0.23
594,Low,648.2,164.2,45.4,605.1,0.0
595,Low,964.4,20.0,100.2,816.3,0.15
596,Low,250.0,49.4,97.9,352.0,0.17
597,Low,382.3,147.1,55.5,424.0,0.11
598,Low,709.5,200.0,95.1,211.4,0.3
599,Low,1000.0,111.2,81.7,371.7,0.21
600,Low,428.2,66.3,70.5,618.2,0.3
601,Low,250.0,99.0,58.5,732.1,0.12
602,Low,872.9,192.5,60.6,228.4,0.29
603,Low,370.9,71.2,116.0,765.9,0.3
604,Low,250.0,62.0,75.0,911.7,0.3
605,Low,375.3,81.0,90.6,629.0,0.0
606,Very Low,551.2,52.8,59.2,1000.0,0.11
607,Low,383.1,117.4,59.4,272.9,0.1
608,Low,250.0,200.0,96.6,131.6,0.22
609,Very High,983.8,129.4,48.0,10.0,0.25
610,Low,1000.0,94.9,66.7,953.8,0.02
611,Low,885.6,92.5,75.7,701.3,0.16
612,Low,250.0,20.0,77.2,488.3,0.0
613,Low,544.4,163.0,71.4,589.0,0.3
614,Low,622.4,105.3,82.9,167.4,0.07
615,Very Low,864.5,99.2,88.9,1000.0,0.16
616,Low,892.3,200.0,89.7,543.8,0.1
617,Low,331.3,127.9,55.3,537.8,0.3
618,Low,657.8,64.9,69.3,722.7,0.0
619,Low,807.9,84.4,98.9,649.3,0.15
620,Low,1000.0,178.9,92.9,572.2,0.13
621,Low,906.8,116.8,47.5,267.9,0.08
622,Low,940.6,23.7,82.0,646.4,0.3
623,Very Low,658.5,165.2,35.4,1000.0,0.02
624,Low,1000.0,69.9,75.9,908.6,0.27
625,Very Low,788.9,200.0,113.0,983.0,0.2
626,Low,280.6,174.8,56.0,351.6,0.3
627,Low,1000.0,83.2,58.3,208.1,0.05
628,Low,904.2,186.9,90.3,467.3,0.04
629,Low,447.8,114.1,44.1,521.7,0.3
630,Low,433.2,161.2,62.3,833.3,0.21
631,Very High,743.6,139.1,86.9,10.0,0.0
632,Very Low,810.3,59.2,62.3,963.9,0.07
633,Low,703.9,71.4,70.3,457.6,0.21
634,Low,749.5,171.8,89.9,376.9,0.28
635,Low,1000.0,89.9,83.4,201.4,0.05
636,Very High,1000.0,85.8,80.3,10.0,0.0
637,Low,701.3,52.7,68.2,752.0,0.23
638,Low,1000.0,135.4,82.4,527.0,0.0
639,Median,250.0,200.0,72.5,118.0,0.0
640,Median,784.2,45.9,84.2,116.5,0.0
641,Low,1000.0,111.5,65.1,404.3,0.27
642,Very Low,537.8,194.7,71.3,1000.0,0.17
643,Low,285.9,105.2,55.2,427.1,0.12
644,Median,364.2,137.1,74.3,54.1,0.3
645,Low,250.0,46.3,58.8,431.3,0.25
646,Low,311.1,135.7,52.7,423.2,0.3
647,Very High,476.8,98.8,80.2,10.0,0.0
648,Low,250.0,169.1,79.3,488.7,0.14
649,Low,631.2,181.2,90.7,435.7,0.0
650,Low,985.9,200.0,66.4,713.9,0.12
651,Very Low,261.9,144.8,83.2,1000.0,0.11
652,Low,1000.0,129.5,86.0,843.0,0.24
653,Low,829.3,121.7,83.9,424.3,0.16
654,Low,1000.0,88.8,58.5,173.0,0.24
655,Very Low,361.9,130.3,78.0,1000.0,0.26
656,Low,966.8,92.3,82.3,522.8,0.3
657,Low,250.0,120.1,75.1,509.2,0.1
658,Low,981.1,189.1,33.3,497.8,0.01
659,Low,693.7,49.6,78.2,564.4,0.19
660,Low,846.3,178.4,119.3,461.7,0.03
661,Low,250.0,189.0,67.8,332.9,0.3
662,Low,267.0,102.9,60.4,340.9,0.11
663,Low,863.9,20.0,82.5,495.2,0.07
664,Low,250.0,73.5,81.2,342.0,0.08
665,Low,810.3,187.8,98.9,291.1,0.26
666,Low,250.0,108.6,49.8,536.9,0.13
667,Low,964.3,50.0,89.6,428.5,0.05
668,Very Low,250.0,79.7,86.8,956.2,0.3
669,Very High,845.9,160.4,72.2,10.0,0.02
670,Low,875.3,142.8,81.8,832.5,0.16
671,Low,346.3,95.7,95.6,878.8,0.25
672,Very High,857.8,88.0,92.4,10.0,0.0
673,Low,729.2,86.5,52.1,402.2,0.22
674,Low,409.5,54.7,91.4,393.6,0.0
675,Median,250.0,200.0,73.7,82.7,0.27
676,Low,250.0,90.7,76.5,271.7,0.01
677,Low,764.9,183.0,76.5,171.8,0.25
678,Very Low,250.0,200.0,72.0,1000.0,0.3
679,Low,663.1,169.9,98.8,785.7,0.28
680,Low,519.6,84.1,73.3,886.5,0.19
681,Low,896.7,134.2,52.6,721.5,0.12
682,Low,504.2,108.5,67.1,166.3,0.06
683,Low,493.2,55.8,78.6,347.6,0.3
684,Low,917.7,129.5,99.6,651.8,0.05
685,Low,759.0,39.3,87.1,138.4,0.0
686,Low,751.5,181.3,58.0,718.9,0.25
687,Low,812.7,82.1,120.0,432.9,0.03
688,Low,250.0,122.1,80.3,392.6,0.01
689,Low,927.7,127.0,100.5,718.3,0.0
690,Low,870.0,94.5,72.0,638.3,0.08
691,Low,250.0,145.2,85.7,396.7,0.14
692,Low,527.4,81.5,91.8,852.8,0.19
693,Low,609.3,162.3,99.4,180.7,0.29
694,Low,571.2,29.2,96.1,689.8,0.23
695,Low,758.5,117.6,92.4,682.9,0.12
696,Low,1000.0,200.0,68.7,412.1,0.12
697,Low,1000.0,50.0,63.6,602.8,0.23
698,Low,250.0,69.3,81.7,129.7,0.3
699,Low,873.8,140.8,93.7,782.2,0.17
700,Low,1000.0,120.8,70.5,449.5,0.08
701,Low,779.7,131.0,96.3,348.2,0.0
702,Low,1000.0,139.4,104.1,819.7,0.0
703,Low,1000.0,148.1,56.7,293.7,0.25
704,Median,1000.0,176.6,58.3,82.5,0.24
705,High,724.7,134.6,72.2,38.0,0.24
706,Low,1000.0,95.5,81.2,686.8,0.13
707,Low,683.0,150.4,64.5,120.9,0.3
708,Very Low,634.6,200.0,102.0,1000.0,0.08
709,Very High,484.4,102.0,83.5,10.0,0.29
710,Very Low,1000.0,51.5,75.8,1000.0,0.14
711,Low,297.6,176.4,46.3,568.3,0.06
712,Low,1000.0,102.8,48.7,476.0,0.24
713,Low,824.9,20.0,80.6,341.5,0.21
714,Low,250.0,160.8,32.3,624.7,0.2
715,Low,772.1,77.9,95.3,493.7,0.16
716,Low,250.0,104.6,71.8,836.0,0.14
717,Low,875.2,129.9,120.0,539.3,0.3
718,Low,979.1,121.4,120.0,550.1,0.3
719,Low,388.1,152.6,71.4,395.9,0.26
720,Low,674.4,83.9,72.9,487.9,0.17
721,Low,1000.0,140.8,94.9,597.3,0.3
722,Very High,422.7,94.4,109.1,10.0,0.23
723,Median,250.0,154.3,42.2,100.5,0.15
724,Low,1000.0,146.9,39.3,728.0,0.1
725,Low,1000.0,53.9,62.6,556.3,0.14
726,Low,626.5,175.2,86.7,449.8,0.0
727,Low,1000.0,77.8,84.9,510.5,0.18
728,Low,1000.0,158.5,96.4,609.3,0.08
729,Low,328.0,132.0,51.0,343.1,0.3
730,Low,430.9,200.0,30.0,271.5,0.15
731,Low,1000.0,96.6,92.2,563.8,0.0
732,Low,1000.0,89.0,58.4,211.5,0.14
733,Low,850.2,108.8,34.6,627.5,0.0
734,Very High,273.1,91.8,77.9,10.0,0.22
735,Low,1000.0,158.0,90.9,813.7,0.19
736,Low,412.6,20.0,72.6,646.8,0.29
737,Low,490.9,46.8,65.8,581.8,0.03
738,Low,761.9,45.9,71.8,799.8,0.16
739,Very Low,1000.0,167.0,67.6,1000.0,0.0
740,Low,966.6,200.0,48.0,809.3,0.26
741,Very High,790.9,103.7,60.7,10.0,0.23
742,Low,810.3,99.9,85.4,121.1,0.22
743,Low,642.4,114.2,81.4,317.6,0.15
744,Low,848.3,179.7,78.4,512.8,0.21
745,Low,250.0,54.4,55.1,660.3,0.3
746,Low,506.4,124.3,71.4,287.3,0.11
747,Low,721.5,168.5,31.5,561.0,0.17
748,Low,250.0,140.1,78.6,278.4,0.0
749,Low,779.5,121.4,103.6,321.5,0.02
750,Median,543.2,170.1,45.5,83.0,0.16
751,Low,1000.0,20.0,63.3,228.0,0.3
752,Median,1000.0,150.7,81.6,99.5,0.11
753,Low,438.7,70.8,100.1,212.2,0.11
754,Low,564.7,20.0,66.0,821.1,0.09
755,Low,595.4,140.7,61.2,220.2,0.07
756,Very Low,444.3,192.4,35.6,1000.0,0.19
757,Low,703.0,101.8,77.1,653.0,0.0
758,Low,321.7,167.2,115.8,560.5,0.3
759,Low,250.0,200.0,80.5,247.5,0.05
760,Low,874.1,188.9,74.6,715.1,0.26
761,Low,876.8,200.0,81.4,332.3,0.0
762,Low,303.3,154.5,74.8,541.6,0.25
763,Very Low,983.1,114.5,58.7,1000.0,0.25
764,Low,372.4,20.0,91.5,476.2,0.21
765,Low,726.3,95.2,79.5,849.8,0.0
766,Low,953.1,59.4,75.4,294.0,0.19
767,Low,611.6,200.0,55.5,494.5,0.0
768,Very Low,806.9,99.4,101.1,1000.0,0.11
769,Low,418.4,117.4,88.3,316.9,0.3
770,Very Low,546.4,143.1,63.9,1000.0,0.27
771,Low,542.7,112.6,95.0,717.3,0.15
772,Low,326.4,200.0,65.0,336.3,0.0
773,Low,554.3,72.6,59.4,694.7,0.25
774,Low,250.0,121.7,59.8,796.8,0.15
775,Low,428.5,65.5,39.6,691.5,0.0
776,High,511.0,30.8,84.4,33.9,0.27
777,Low,522.5,73.3,38.4,286.9,0.15
778,Low,528.4,107.8,50.4,430.7,0.3
779,Low,600.3,84.2,33.5,482.7,0.0
780,Low,816.8,68.5,73.3,691.2,0.0
781,Low,974.8,25.6,72.0,558.3,0.19
782,Median,365.1,105.0,68.5,104.4,0.19
783,Low,250.0,20.0,54.1,619.1,0.0
784,Low,250.0,155.6,51.6,688.2,0.0
785,Low,430.1,114.9,84.3,672.9,0.3
786,Low,484.2,22.5,64.0,829.2,0.1
787,Low,317.0,91.4,81.3,755.2,0.26
788,Low,250.0,64.9,57.3,642.8,0.05
789,Low,442.6,129.2,78.6,484.0,0.0
790,Very High,697.6,190.4,101.1,10.0,0.12
791,Low,863.0,20.0,86.7,633.9,0.11
792,Low,402.0,116.9,66.8,567.3,0.09
793,Low,459.8,100.4,80.1,586.5,0.13
794,Low,254.3,150.3,70.2,122.0,0.19
795,Low,612.4,122.8,75.2,180.7,0.13
796,Low,285.6,64.9,68.5,820.9,0.0
797,Low,854.3,90.9,71.7,493.1,0.22
798,Low,250.0,62.2,79.2,709.5,0.0
799,Low,481.1,174.6,55.1,513.5,0.0
800,Low,745.4,111.3,54.7,513.9,0.26
801,Low,698.5,200.0,47.2,786.5,0.23
802,Low,1000.0,106.4,43.0,350.2,0.14
803,Low,764.9,67.5,50.7,533.8,0.0
804,Low,250.0,20.0,78.2,366.3,0.04
805,Low,586.8,20.0,57.1,374.7,0.11
806,Low,250.0,20.0,85.3,412.2,0.0
807,Low,592.8,126.0,75.7,571.6,0.04
808,Low,291.8,140.5,35.6,361.4,0.25
809,Low,991.2,20.0,88.1,881.7,0.3
810,Low,405.2,163.7,91.2,236.6,0.09
811,Low,578.3,81.0,55.1,448.9,0.26
812,Low,370.8,118.8,83.4,373.1,0.0
813,Low,1000.0,200.0,57.9,939.1,0.25
814,Low,496.5,163.8,77.0,564.0,0.03
815,Low,1000.0,93.9,49.7,814.6,0.2
816,Median,950.7,56.5,39.1,59.3,0.11
817,Low,817.8,20.0,67.3,585.1,0.3
818,Low,772.5,66.9,72.5,771.9,0.02
819,Low,782.5,97.3,67.0,529.7,0.24
820,Low,250.0,50.8,51.3,824.6,0.11
821,Low,513.4,102.1,67.0,349.8,0.13
822,Low,963.1,114.6,80.4,927.8,0.12
823,Very Low,605.4,96.5,74.1,1000.0,0.02
824,Low,250.0,71.0,78.7,396.1,0.15
825,Low,604.0,120.1,61.6,371.3,0.14
826,Low,1000.0,136.5,98.4,941.0,0.19
827,Very Low,1000.0,44.6,51.5,978.9,0.16
828,Low,600.2,194.7,84.8,348.1,0.27
829,Low,1000.0,104.1,98.6,378.9,0.29
830,Low,478.4,111.1,84.6,420.5,0.0
831,Median,250.0,152.5,70.9,101.7,0.28
832,Low,255.2,124.0,64.4,229.4,0.0
833,Low,1000.0,167.2,95.7,203.8,0.24
834,Low,515.4,127.2,46.5,274.7,0.24
835,Low,527.6,73.3,55.6,494.6,0.0
836,Low,505.1,131.7,67.0,575.3,0.16
837,Very Low,1000.0,41.4,99.8,970.2,0.08
838,Low,1000.0,116.5,82.6,205.5,0.04
839,Low,1000.0,108.0,55.6,800.3,0.3
840,Low,561.4,97.5,68.8,440.8,0.05
841,Low,743.2,102.3,62.7,490.2,0.03
842,Low,250.0,20.0,60.8,707.4,0.16
843,Low,1000.0,77.1,94.6,168.2,0.25
844,Low,250.0,115.6,47.6,619.7,0.13
845,Low,711.7,119.6,107.2,554.9,0.3
846,Low,250.0,48.3,91.6,652.7,0.23
847,Low,389.5,185.9,96.8,591.8,0.0
848,Very Low,290.1,58.0,65.7,1000.0,0.07
849,Low,381.8,168.2,72.0,313.7,0.07
850,Low,409.4,135.6,46.3,345.7,0.22
851,Low,405.7,71.2,64.5,318.1,0.0
852,Low,958.3,200.0,84.9,338.4,0.3
853,Low,250.0,38.4,100.9,313.8,0.23
854,Low,713.2,165.1,52.9,861.7,0.17
855,Low,1000.0,170.0,67.7,931.2,0.3
856,Low,419.7,69.8,72.0,333.8,0.3
857,Low,337.8,193.5,47.1,255.3,0.28
858,Low,532.8,95.0,86.8,646.4,0.29
859,Low,1000.0,127.3,60.5,339.3,0.17
860,Low,702.6,125.6,71.1,694.9,0.13
861,Low,412.5,101.9,66.0,565.9,0.08
862,Median,818.6,158.6,59.2,50.3,0.03
863,Very Low,250.0,157.6,74.9,969.3,0.05
864,Very Low,897.5,20.0,70.7,1000.0,0.0
865,Low,788.4,188.3,67.6,321.2,0.14
866,Low,501.9,20.0,60.4,388.7,0.0
867,Low,289.6,172.0,81.4,590.8,0.18
868,Low,270.3,177.6,108.1,605.3,0.14
869,Low,838.9,44.5,77.8,702.6,0.17
870,Very Low,1000.0,85.4,94.9,1000.0,0.07
871,Low,370.1,43.7,47.2,451.9,0.3
872,Low,808.4,97.1,78.2,265.5,0.3
873,Median,250.0,91.5,53.1,91.2,0.0
874,Low,391.2,156.8,45.5,285.7,0.18
875,Low,612.6,188.6,60.2,495.1,0.06
876,Very Low,261.1,193.7,98.8,1000.0,0.0
877,Low,250.4,76.3,94.0,349.7,0.0
878,Low,357.9,97.4,79.9,572.1,0.21
879,Low,741.9,20.0,44.3,500.1,0.05
880,Low,550.1,61.6,71.1,861.5,0.3
881,Very Low,250.0,167.9,81.0,1000.0,0.3
882,Low,250.0,200.0,78.5,345.7,0.3
883,Low,382.3,35.9,38.1,358.2,0.02
884,Low,808.1,74.5,57.2,818.2,0.22
885,Low,250.0,108.4,73.7,709.6,0.24
886,Very Low,425.1,126.8,85.7,1000.0,0.08
887,Low,414.5,61.4,31.1,680.2,0.03
888,Low,1000.0,135.4,71.8,397.2,0.3
889,Low,471.0,81.6,77.9,682.2,0.18
890,Low,778.2,109.1,92.0,837.6,0.25
891,Low,681.5,142.8,88.9,751.1,0.03
892,Low,250.0,110.4,86.7,657.2,0.0
893,Low,932.3,83.8,59.0,825.0,0.06
894,Low,711.2,103.4,36.8,855.8,0.13
895,Low,828.3,104.7,67.1,919.6,0.0
896,Low,1000.0,87.8,95.0,699.6,0.15
897,Low,250.0,94.5,102.9,454.9,0.0
898,Low,1000.0,200.0,89.2,549.0,0.0
899,Low,510.0,143.7,83.6,867.0,0.25
900,Low,739.9,92.3,82.6,259.9,0.24
901,Low,606.8,151.8,63.9,615.6,0.09
902,Low,455.3,90.0,72.4,387.0,0.0
903,Low,397.1,180.4,108.4,513.6,0.0
904,Low,756.8,132.2,56.1,888.5,0.09
905,Low,250.0,103.6,107.3,562.3,0.25
906,Low,925.2,136.9,68.6,518.9,0.29
907,Median,458.5,20.0,101.5,97.0,0.08
908,Low,250.0,42.4,46.9,728.9,0.0
909,Low,445.0,38.4,86.7,698.6,0.19
910,Very Low,1000.0,118.6,60.3,1000.0,0.03
911,Low,410.9,200.0,46.7,412.7,0.07
912,Low,768.4,200.0,79.4,570.7,0.3
913,Low,332.6,148.3,95.2,579.8,0.27
914,Very Low,928.2,140.1,58.1,978.2,0.17
915,Low,899.2,20.0,45.0,476.4,0.0
916,Low,1000.0,77.4,73.2,588.7,0.18
917,Low,554.8,62.7,73.3,687.4,0.3
918,Low,892.5,72.7,86.0,561.0,0.09
919,Low,664.2,99.9,94.0,371.1,0.3
920,Low,1000.0,81.7,73.8,563.2,0.3
921,Low,337.5,20.0,112.1,827.1,0.3
922,Low,923.0,154.9,79.5,197.0,0.2
923,Low,547.1,45.6,68.1,544.9,0.24
924,Low,599.3,124.4,42.8,295.0,0.3
925,Low,661.7,200.0,69.7,863.5,0.22
926,High,725.9,54.8,68.3,48.0,0.07
927,Low,578.5,20.0,94.2,337.3,0.08
928,Low,710.9,92.8,84.2,618.2,0.19
929,Very Low,1000.0,176.1,51.4,974.7,0.0
930,Low,1000.0,200.0,78.4,485.3,0.13
931,Low,972.7,36.2,88.4,338.4,0.3
932,Very Low,442.8,139.8,105.6,1000.0,0.0
933,Median,269.3,82.1,92.8,70.6,0.3
934,Very High,1000.0,103.6,90.2,10.0,0.3
935,Low,975.4,200.0,76.2,637.0,0.08
936,Low,1000.0,20.0,82.8,354.4,0.23
937,Low,383.4,125.2,100.0,198.6,0.15
938,Low,533.2,138.1,48.3,717.5,0.3
939,Low,250.0,175.1,68.0,578.1,0.3
940,Low,468.0,115.9,59.5,335.8,0.0
941,Low,1000.0,128.5,82.6,120.9,0.24
942,Low,438.4,86.5,99.6,766.7,0.12
943,Low,881.2,126.1,63.1,700.1,0.16
944,Low,548.8,89.4,30.0,475.2,0.04
945,Very Low,754.6,147.3,66.8,1000.0,0.3
946,Low,250.0,87.8,93.3,184.0,0.3
947,High,659.1,132.6,85.8,47.3,0.04
948,Low,250.0,108.2,83.6,297.4,0.0
949,Low,550.2,177.6,69.4,491.3,0.09
950,Low,250.0,106.9,49.4,578.0,0.22
951,Low,1000.0,20.0,85.3,432.6,0.19
952,Low,936.0,185.7,58.3,610.6,0.3
953,Low,811.7,55.7,118.7,129.5,0.27
954,Low,1000.0,70.8,86.4,938.1,0.3
955,Low,250.0,74.3,63.4,480.4,0.2
956,Low,1000.0,192.5,62.8,840.2,0.0
957,Low,997.9,20.0,73.1,607.8,0.12
958,Low,530.4,200.0,70.2,642.0,0.3
959,Low,1000.0,173.4,97.3,675.9,0.14
960,Low,250.0,123.4,78.7,639.3,0.23
961,Low,295.2,106.7,60.4,697.8,0.1
962,Low,381.6,127.1,112.8,903.7,0.0
963,Low,413.4,141.3,76.0,564.0,0.13
964,Low,250.0,148.7,90.4,717.7,0.2
965,Low,1000.0,143.3,62.8,478.1,0.05
966,Low,521.5,115.4,82.3,937.0,0.11
967,Low,766.0,98.2,81.2,302.1,0.01
968,Very Low,396.9,100.9,37.2,1000.0,0.3
969,Low,250.0,98.3,115.3,493.0,0.11
970,Median,733.0,178.0,100.8,75.8,0.3
971,Low,250.0,145.6,67.1,543.4,0.3
972,Low,597.5,20.0,53.0,300.7,0.14
973,Low,250.0,149.4,82.0,757.2,0.0
974,Low,1000.0,121.7,76.7,309.2,0.0
975,Low,989.5,108.9,82.1,371.1,0.0
976,Very High,667.3,86.7,78.8,10.0,0.0
977,Low,1000.0,177.4,85.1,369.3,0.3
978,Very High,286.5,166.9,103.9,10.0,0.17
979,High,842.4,63.6,86.4,29.8,0.21
980,Low,704.9,134.4,54.0,733.1,0.0
981,Low,730.6,51.7,102.3,740.7,0.0
982,Low,1000.0,27.2,107.8,632.6,0.28
983,Low,918.0,72.4,120.0,214.9,0.19
984,Low,740.5,161.7,52.5,490.7,0.13
985,Low,250.0,167.2,79.9,503.9,0.23
986,Low,250.0,140.8,33.4,157.5,0.3
987,Low,575.9,153.5,86.1,956.0,0.12
988,Low,662.3,141.0,64.0,768.2,0.16
989,Low,250.0,71.5,113.5,438.7,0.18
990,Low,1000.0,135.9,59.5,513.1,0.3
991,Low,1000.0,158.0,41.2,567.5,0.0
992,Very High,865.8,155.3,65.6,10.0,0.25
993,Low,653.8,181.3,35.5,430.8,0.13
994,Low,540.1,152.5,90.0,300.4,0.24
995,Low,250.0,131.1,33.7,204.5,0.05
996,Low,656.0,174.2,75.6,420.7,0.14
997,Very Low,728.1,108.4,33.4,1000.0,0.26
998,Low,250.0,57.1,68.6,697.3,0.3
999,Low,758.7,100.2,107.9,333.6,0.27
1000,Low,562.9,65.3,82.2,676.8,0.02
